sasdate,INDPRO,S&P 500,PAYEMS,CPIAUCSL,BUSINVx
1959-04-01,0.008256653316945979,0.007577633867738702,0.003954437017004646,0.00027866071793121314,0.007187923097862899
1959-05-01,0.009278248539413995,0.005135407225947915,0.004267873462754854,-0.00032604915575417596,0.011164459339681333
1959-06-01,0.006850858025493374,0.005784481202988346,0.0033158292639091534,-0.0004549799894124167,0.0068438851847937325
1959-07-01,0.0036514128732431346,0.0014033626068616688,0.00211598771670583,-7.807721747742685e-05,0.007513969802750818
1959-08-01,-0.0003161868646336186,0.014450788684635339,0.0008059092122513059,0.00028980973478545446,0.005074912539927121
1959-09-01,-0.007281788772958467,0.00675464446713951,-0.002328883727921638,5.322300511139818e-06,-0.00042859261789957893
1959-10-01,0.0016964025463409229,-0.005383869691669506,0.0013512710682848067,-0.0004059262246434568,0.0004305036955482879
1959-11-01,-0.001005092208264551,0.005328033755000888,0.0002160588362472033,-0.0003321263223127516,0.002635307768921601
1959-12-01,0.0020293763210429113,0.005261024173396586,0.0015894784610927116,0.0010160451700114966,0.0019511634441848435
1960-01-01,0.017840160223424953,0.005209743138456971,0.007427422626083978,-0.00043185241301274655,0.013287416957300046
1960-02-01,0.007821155771166006,-0.0024078219097096844,0.0034707360142274277,0.0010763135040887447,0.008394133183833734
1960-03-01,0.002132900772692674,-0.005464006136783881,0.0017188932360016188,-0.0008011083789311836,0.007468490696853532
1960-04-01,-0.0046401325566460625,0.003871175657754953,-0.001149582785472704,0.00033174621029045015,0.003312514675243649
1960-05-01,0.004301807818039062,0.006202669557416627,0.0026506591259997814,-0.0012773058601629526,0.0035201344741978306
1960-06-01,-0.0021457036513928313,0.0039036986742990547,-0.0005186302805563088,0.0009634427335013536,0.0033362533342785033
1960-07-01,-0.003942279189770289,0.015590980341063975,-0.0009142961331430328,-0.00016335604741539686,0.001017053295382498
1960-08-01,-0.0017892169987408293,-0.00012816926605603378,-8.970779031268147e-05,0.0009637347792089687,0.0026156367451488213
1960-09-01,-0.0003661383671078478,0.008191011985907298,0.00044284694990365985,-0.0012291517057259353,0.0006186532684732406
1960-10-01,-0.00135438018479635,-0.0017112762642245989,0.00013413955511474424,0.0005691857138261044,0.0018524654429273445
1960-11-01,-0.0021152605708905153,0.0013030525625176532,-0.0002742711426412818,-0.0014459087175586192,0.00034213189402360327
1960-12-01,-0.004249094581505939,0.014651022750253581,-0.0010694674106357285,0.001035209357244702,0.0001636740944119799
1961-01-01,-0.005849684387798759,0.013356392377014583,-0.001675243812357588,-8.380452480922566e-05,-0.005911215800728307
1961-02-01,-0.000752700456645597,0.0176198934716417,0.0002507126013788076,-2.901491200723116e-05,-8.905399915415694e-05
1961-03-01,-0.0013934079799971318,0.015490814558576626,-3.6849834800924824e-05,0.0002625407895695048,-1.2880608768424395e-05
1961-04-01,0.003072345114022548,0.011270935978764706,0.001824988056021775,1.4577229732038666e-05,0.00034168796998186325
1961-05-01,0.002862916280153553,0.010410039931068496,0.0014969082756551414,0.00030712149465612654,0.0026022480687936714
1961-06-01,0.005216336781714246,0.005370609648994124,0.002620399373398017,-0.0005600984360574544,0.003968906387706627
1961-07-01,0.006150746748953375,-0.0007344789816291833,0.003019396454619726,0.0003476470164296027,0.0036236596475066234
1961-08-01,0.0032181379296318106,0.0031359373294958222,0.0018750471500818351,-0.0007804054019128139,0.003821034628207443
1961-09-01,0.006197190151067243,0.01093435286591576,0.0030626594537279186,0.0006474879195424803,0.0062161396068228895
1961-10-01,0.000690838123774582,0.0029311767659232274,0.0009621450563001015,-0.00020974303928824966,0.003752355541761916
1961-11-01,0.006893728279556071,0.004838414155278601,0.0032057210954191187,0.00045287565488949944,0.005100264245506524
1961-12-01,0.007253420986776289,0.0126938767550762,0.003453256522574392,6.14968708168807e-05,0.007316597180467275
1962-01-01,0.004351772448351467,0.005485236644274855,0.0023160902850357687,-0.000268094135291651,0.0037988956660259957
1962-02-01,0.00044351904056807567,-0.004298256254783088,0.0008661248061646454,-1.2281799717567311e-05,0.004518824522515285
1962-03-01,0.006709327042040901,0.006239945751645917,0.0033066334249805306,-0.00033972271860963684,0.006905572392582165
1962-04-01,0.003487527112121182,0.003854673054147286,0.001973578942410007,0.00011971278143012926,0.005952487291545684
1962-05-01,0.004548157913798588,-0.004726779486526538,0.002624863878629438,0.00023080209398096448,0.004159718792489579
1962-06-01,0.0015299496177181783,-0.014219326419411888,0.0012230764811641149,9.697368265727326e-05,0.005612768780019795
1962-07-01,0.0008038385382633578,-0.025247383999530852,0.0009451148362670107,0.0005796049994357767,0.004179541488568898
1962-08-01,0.004043491031595263,0.009152001292447426,0.002163325877880491,-0.0003680141813181466,0.0048895795525503785
1962-09-01,0.0018294844384057047,0.010812447737378725,0.0013791140080943076,-0.0004896408430676613,0.004473131021404318
1962-10-01,0.0035682589053966634,0.001431094074500755,0.002042953642471048,-0.000760665682155408,0.006198565971097312
1962-11-01,0.001861036942719338,-0.00342983701498027,0.0013648413898460394,0.0017626357169647088,0.004635595525549798
1962-12-01,0.002453392013027222,0.02016865650010761,0.0015217334546647724,-0.0003830783183894613,0.0027561372633119773
1963-01-01,0.0012315078266041148,0.014830977209909982,0.001051013255067863,-5.563248319637133e-06,0.00258613208630866
1963-02-01,0.003102429776906181,0.012965791379404892,0.0018083866135813302,-0.0005714590885413282,0.00360888595380166
1963-03-01,0.003952232296007078,0.0066346325403896286,0.0021240092798871547,0.00021957285247557358,0.004534032384268061
1963-04-01,0.0039848665434047675,0.002476746911768489,0.002158528805862331,0.00012318876624963586,0.004160198118291705
1963-05-01,0.0057411171571793455,0.013727948143830838,0.0029567652924903437,0.0006297214200778087,0.004351007010229645
1963-06-01,0.003051647256820616,0.008681450879333209,0.0017021625713681753,-0.0005716800134098966,0.004699236342498375
1963-07-01,0.003187622034321126,0.0036237562269987975,0.001837832825116067,-0.00066302193659399,0.004918645234131982
1963-08-01,0.0026662884463999085,0.00028443532298967855,0.0017794536910175649,0.00020911335657982809,0.004585127276956572
1963-09-01,0.003457190067799699,0.010182334896893953,0.002014066092104961,0.0002153468036544128,0.00510877370149431
1963-10-01,0.004473049622345741,0.00949106926781286,0.0023809730889325495,0.000900193389869131,0.005747511266395293
1963-11-01,0.005432093676611081,0.003336328538034284,0.0028062385246806886,-0.0005376440270060462,0.007005679447645699
1963-12-01,0.0017932264826355073,0.0030243853315565197,0.0012248420712113624,6.394362716655749e-08,0.003970025396381712
1964-01-01,0.003282147751740166,0.008734620857938389,0.0019711694027768926,-0.0006546548431752391,0.0031550531897766394
1964-02-01,0.004748180677318108,0.010385399785377366,0.0024583452039369036,0.0004205450803806228,0.005751780165815566
1964-03-01,0.005222885966713679,0.005786494152255684,0.00277909821995251,0.0009045336320815635,0.0052975600698394396
1964-04-01,0.0026370373406585153,0.008309534868660956,0.001739718435860162,-0.0005652742110186684,0.004432120514438681
1964-05-01,0.006132446042471487,0.0059846764329330995,0.002835801801343977,0.0002402009652056488,0.006358960294247553
1964-06-01,0.004652047068437795,0.0054299656071645445,0.002482432830544796,-0.00015845522284024894,0.005088428306064159
1964-07-01,0.002744454586127259,0.0024874149358284723,0.0017439274712671329,1.1839158356618057e-05,0.0046320130392174304
1964-08-01,0.00574459507748549,0.011401882466757435,0.0029148902483764933,0.00023773786608490726,0.004878600479643069
1964-09-01,0.004209422088851477,-0.00027154293532877846,0.0023388686699284088,-0.00016347281654744184,0.004837791556030695
1964-10-01,0.004525559749435585,0.007240396429868621,0.002549189092937061,3.263996758845842e-05,0.008123117688900014
1964-11-01,-0.0024643805359172407,0.010273771805092768,-0.00031393832581696405,-0.00014072181793943142,0.0006425188964141234
1964-12-01,0.010840344671719277,0.002180714625694768,0.004857978345129423,-0.00037587360896138293,0.00885479697647097
1965-01-01,0.007448678858182743,-0.0023532600367316032,0.0035287352126349425,0.0005421171033515008,0.007543461349318256
1965-02-01,0.005544655800856764,0.008863319433818554,0.002772352412462058,0.00013798110722135478,0.007594216627546169
1965-03-01,0.00372351098498146,0.00527524779362727,0.0021612675712864896,0.00030725339159464826,0.005166531139012447
1965-04-01,0.006669195311633489,0.0024610547227047427,0.0032164865018813526,-0.00022956260871151766,0.00926766740497091
1965-05-01,0.004377347880113944,0.006347357534646701,0.002457910322473002,-0.0003481627099709805,0.005732735335741415
1965-06-01,0.005400376054058338,0.00633422430518018,0.002799467719676073,-0.0002401119017765773,0.006423371183150957
1965-07-01,0.003991067612562932,-0.008344589778524817,0.0022322103961575444,-0.00025405536769002637,0.006458154097626919
1965-08-01,0.006575997296618353,0.0018726800866535722,0.00327029807837592,0.0015612612831604616,0.008181418312557835
1965-09-01,0.0032229460517082,0.008176795728701452,0.002019326662211879,1.7109659407783583e-05,0.006635509837002346
1965-10-01,0.005274635830825896,0.010706785188517035,0.002817710609708325,-0.0008991050733166288,0.005230863527682556
1965-11-01,0.006359006858628355,0.007720123362563228,0.003140911223364062,0.00042896859876278475,0.005943900064974111
1965-12-01,0.005469351993383769,0.0046956635072222495,0.002888822295205121,-0.000611957501337603,0.006644790187401093
1966-01-01,0.007298760951938847,0.0008388557316895027,0.0035578224340304977,6.577791151117145e-05,0.007465614491933767
1966-02-01,0.005516161932671562,0.006882168005478548,0.0028002106103699824,0.0006968927972307197,0.006901188910248262
1966-03-01,0.005211226024342338,0.0012007658288517233,0.0027593162702872383,-0.0015382775918204345,0.009038047040786788
1966-04-01,0.007508306627471307,-0.00827925695570663,0.0036798784114574572,0.000998148589519504,0.008814345776576516
1966-05-01,0.003987456540510609,0.010628030343456702,0.0023126594031211097,2.9432277644863045e-05,0.006844891190822177
1966-06-01,0.00359289675984275,-0.009448729836246767,0.0021171748083193536,0.00029801143924589247,0.008520284600153132
1966-07-01,0.005798523502985875,0.0005379318222128444,0.0030990359464831817,0.0004152378296035851,0.009835651823023492
1966-08-01,0.00326119623632954,0.0031003855281015904,0.001955654241886151,-0.0003491543946947041,0.007467490182636946
1966-09-01,0.0025848539364520134,-0.01108393209677664,0.0017487540040152497,-0.0011734635293052333,0.007481476965366555
1966-10-01,0.0028087339172565185,-0.004694425309118303,0.0017068038370863098,0.0009273711714612721,0.006515707814411488
1966-11-01,0.0026231626148550628,0.0019050541439642136,0.0017140713986722154,1.1820475811175964e-05,0.007740656781123919
1966-12-01,7.710530035103576e-05,0.01684410022029597,0.000821069559235558,0.0006170879038915916,0.0062860888112817054
1967-01-01,0.0004935237013616097,0.005964247549339054,0.000913030497654393,-0.00010488389341050606,0.005619954481966167
1967-02-01,0.0016686008675527162,0.013532161611224463,0.0013636636628404641,0.0005400167563345008,0.0070462843565359526
1967-03-01,-0.00203496428375157,0.014151806849495468,-6.019000025249909e-05,-0.0011231341945108402,0.002681311987321469
1967-04-01,2.7399724309061946e-05,0.010713874391351082,0.0007410731086307991,0.0008831933789150814,0.004275777489958777
1967-05-01,0.0017398451545744373,0.008579037805116815,0.0011413907239708099,-0.0009007929561927535,0.003961846805338413
1967-06-01,0.0003865070640577575,0.009178391956181312,0.0009457838293009763,0.0008855261045365707,0.0029617703735381543
1967-07-01,0.0025416362207281978,0.0009455089794900381,0.0016785146843592848,-0.0017794584396857364,0.0034411157669893624
1967-08-01,0.0021306027430622308,0.008295168417079146,0.0015454794872271573,0.000904381671477376,0.004190549001275077
1967-09-01,0.006801766628859917,0.0060504655126102785,0.0032413230523601773,5.787825687240218e-05,0.007775719094030383
1967-10-01,0.0018372020936612138,0.007648557815947596,0.0013379613368035004,4.664832099295749e-06,0.004164254069270738
1967-11-01,0.0030195919707661,0.0034777565747994973,0.001737907692418226,1.6046026371392383e-05,0.002660094695870722
1967-12-01,0.00889511860885433,-0.006465374772709221,0.004251317654613024,-0.0007937057420287904,0.008996386229132736
1968-01-01,0.00638559305059549,0.009128855228648432,0.003106601352037319,0.0009351813821436382,0.0072445801062556445
1968-02-01,-0.0011383797142556443,0.005004321557413654,0.00010563696694415115,-3.0696395339840954e-05,0.003927166022582943
1968-03-01,0.005614129875712499,-0.008533475344183524,0.0030324974903509936,4.780411176931298e-05,0.0063482632011424844
1968-04-01,0.0042702592174217145,-0.0012260349140298867,0.0022729840620294996,3.204084576519631e-05,0.005207878535580657
1968-05-01,0.004097302499843292,0.020507002857755755,0.002356008187568559,3.0423457418941073e-05,0.006979093979226487
1968-06-01,0.005297412554716489,0.008336995397919414,0.0026091744552300157,4.202198850844497e-05,0.007626107269135441
1968-07-01,0.003077803173323127,0.010189343543928659,0.001939713315440892,-0.000839487450094683,0.005186431279350255
1968-08-01,0.0024545056706697776,0.0035350338995892073,0.0017211567109247938,1.9152146015977147e-05,0.004264514917367008
1968-09-01,0.0037924551788639264,-0.0018840250447981822,0.0021834721520613016,0.0008811742718723291,0.006829583728651266
1968-10-01,0.004333922293011213,0.010939510528774862,0.002345123848043295,3.250252736264354e-05,0.005387382852855486
1968-11-01,0.004849336274750277,0.008845455696454424,0.002618424049270384,-0.0008036164546035165,0.007178146368651643
1968-12-01,0.0062194607063665985,0.006135819102027073,0.003068554861402179,0.0008974006362902366,0.005872276437795721
1969-01-01,0.003587657887908272,0.006053548746337214,0.0021436949876455103,-0.0008117539029159182,0.004905010399712252
1969-02-01,0.0048206991541126214,-0.007416736833513106,0.0025376091625247425,0.0008754882395742897,0.0060625051059079865
1969-03-01,0.005164883704653567,0.0016703793453806827,0.0027158923310034145,4.153605753948368e-05,0.007498030244611272
1969-04-01,0.0045677236639857545,-0.002147921695554888,0.0024354401990549566,-0.0016161292481635511,0.007090610846624032
1969-05-01,0.0020525242879928167,0.008994643180466878,0.0015421776892172645,0.0008427842092775776,0.005563053179507771
1969-06-01,0.0025124942637027203,0.011709849305400475,0.0017826121073106207,0.0008345031747077819,0.006550837861637022
1969-07-01,0.004967390151944117,-0.009967466487761607,0.0026435614344344333,-0.0007744595706091041,0.006049551573775807
1969-08-01,0.0034040005510259184,-0.007390388835200749,0.0019292627582614872,2.7574380425553564e-05,0.00633103646628003
1969-09-01,0.003456051853197647,0.0022417241165066156,0.002106540001498564,0.0008327722508457143,0.006036432890548609
1969-10-01,0.0007388206164400319,0.005659185670415535,0.0008227383544231548,-0.0008108673692091203,0.005318462458132422
1969-11-01,0.002470179521142145,0.006595284677141461,0.00169469682021333,1.7619983577817515e-05,0.005701581739495072
1969-12-01,-0.001198179998120169,0.007344412764340357,0.00020198049923821548,-2.3219788702372843e-05,0.0028992080114016595
1970-01-01,0.0016498278487239889,-0.008783302454996611,0.001368954682211035,8.534311955320747e-06,0.005299237248292648
1970-02-01,-0.004540589349054981,0.004910249665192521,-0.001020213777934159,-6.044098727154948e-05,0.00024205566146521303
1970-03-01,0.00013143300378200599,-0.00348771870528816,0.000751722078782547,-1.010898873401967e-05,0.004180873850812996
1970-04-01,-0.0008550811560839775,0.009626658770385224,0.0003912516753886797,-2.1677298120986698e-05,0.00306542526110938
1970-05-01,-0.001699702459564713,-0.001565333701953946,-9.682330539527548e-05,-3.139989738037214e-05,0.004371316988861718
1970-06-01,-0.0006543454328798229,-0.024085017628446847,0.00020571801973579842,0.0007490263473825032,0.0011969553309524145
1970-07-01,-0.0005371613391209752,0.003869944925318429,0.00035932839682437686,-0.0007901563504763538,0.0041582556555642665
1970-08-01,0.0017912573946416042,0.004775324784195643,0.0012865387502562378,0.0007709106441938228,0.005544623442077126
1970-09-01,-0.0015907759709924228,0.01278175207921422,-7.149842613932015e-05,-3.6458761376984994e-05,0.0035890959186692974
1970-10-01,-0.0016469564306613995,0.01986717914723002,3.805713380359058e-05,-0.0007945018094082194,0.002504953340317589
1970-11-01,-0.006328913918490546,0.013022727715452879,-0.0019471407246200124,-8.178835998872875e-05,-0.00023886875731318324
1970-12-01,-0.0029396476729033946,0.006179285813487406,-0.0005491146709969911,-4.556706486581803e-05,0.0023658329830456705
1971-01-01,0.008658233219287135,0.01742122499413265,0.003998966963790889,8.373364014914621e-05,0.0056117838689542
1971-02-01,0.003521913425994883,0.012677143033529143,0.0019395953507572036,0.0007704950513376756,0.005043009473739642
1971-03-01,0.0008556175954541661,0.01391989113714315,0.0009073066634802166,0.0007358944019432604,0.0042459089629409835
1971-04-01,0.0011904398322515864,0.010714316932672368,0.0011073559874280813,-0.0007492913547787051,0.005387583529990575
1971-05-01,0.005009477279015825,0.011028221399444151,0.0025998222385357015,3.94331518375883e-05,0.006280945741065175
1971-06-01,0.0051433780969275065,-0.00045193413647918014,0.00268010577582636,-0.0006968399634478396,0.0063266279299396926
1971-07-01,0.00362527850483686,-0.0009722388529393926,0.001961922497929066,2.891794707883896e-05,0.004295923528736879
1971-08-01,0.0030355810029169842,0.001986084059680823,0.0018348973342995549,0.0007544768865100372,0.00463527119816967
1971-09-01,0.0016195445877767453,2.1648907473533716e-05,0.0013154042933871016,2.355014454622995e-06,0.004818259968611742
1971-10-01,0.006594743197432676,0.007609433059326345,0.0031617165795359324,5.53171386279926e-05,0.006362022677733349
1971-11-01,0.00430505998093318,-0.0019209272048344016,0.002208995283730547,3.0552062372743995e-05,0.004483370162531489
1971-12-01,0.004433618060574275,-0.008294967316486405,0.002409936925139799,3.2911244075205214e-05,0.0034145865437718165
1972-01-01,0.006250702323283773,0.01850052451519243,0.0030832031005076418,5.2451796844881776e-05,0.006922588173792938
1972-02-01,0.009475260236533844,0.010917296572483203,0.004262047450693946,8.731965833072801e-05,0.005120420902581715
1972-03-01,0.006020919437266396,0.0069084080445057944,0.002965451776954526,-0.0006683301480839481,0.005471624776277349
1972-04-01,0.0069386451734395815,0.007724669896608645,0.003406859337542958,0.0014984554647511261,0.006395293762515399
1972-05-01,0.0065712447979622115,0.004704493982161181,0.003186407583135966,-0.000661735422509538,0.007426012731878496
1972-06-01,0.004530490707395656,0.0006292513576106511,0.0025489965118848266,3.508405610528488e-05,0.007298651488449476
1972-07-01,0.00504069955144555,0.003545448828620632,0.00271179117549418,4.05025114167492e-05,0.005099892169807409
1972-08-01,0.002344813321002519,0.0022760107071970823,0.0014775169385222375,9.554912798981182e-06,0.004015538010120754
1972-09-01,0.008809934789512967,0.00967764017682398,0.004156011584121976,8.20499393523758e-05,0.009814717034888745
1972-10-01,0.0064019270776935954,-0.0012014908784684108,0.003073132085614133,-0.0006512522179717899,0.007829639069521445
1972-11-01,0.00852874731859981,0.001822135040358777,0.004040872592486521,0.0007870797580039302,0.00787756720950188
1972-12-01,0.007924192743577873,0.013477441447896952,0.0037391736594624162,-0.0006293613319338626,0.008160524053444241
1973-01-01,0.008197238956600015,0.0065043854006370996,0.0038452820058526376,0.0007784470491399734,0.007710884958067068
1973-02-01,0.007444747988266429,0.0036672760990009287,0.003625517137877887,-0.0006289345869369717,0.010759193865964505
1973-03-01,0.009232860837989838,-0.007646786506709972,0.004281693643174166,-0.0005999081762091916,0.010471169024827953
1973-04-01,0.005351387873529213,-0.001127299450738858,0.0028294343230662526,-0.0006277489716713597,0.008741398681631532
1973-05-01,0.002936059622434809,-0.0007568209063444311,0.0018524052087382258,0.0007190813077543167,0.007644298569088911
1973-06-01,0.00497652246712524,-0.0039382889102111684,0.002579154847816044,0.0007267335336811904,0.009525743229681182
1973-07-01,0.004720575713479331,-0.0024635403488896023,0.002560362864957683,-0.000631253548435667,0.00894850165741472
1973-08-01,0.004464040944523608,0.005447030521479963,0.0022971060001142738,0.0020545449157165835,0.007946082390705003
1973-09-01,0.002837158715980084,-0.0007682346361848542,0.0018704636677328392,-0.005314409532137079,0.006611188490109696
1973-10-01,0.003912900109119038,0.007599895034743051,0.0021043335394008143,0.00403492950687352,0.007157994353768628
1973-11-01,0.004558334728983698,0.012567853181990744,0.0025002679855248506,-0.0012681325341299878,0.007319910312706651
1973-12-01,0.004364458851809135,-0.014592704271145214,0.0024384654349255373,0.0006995004010832668,0.009934140290492346
1974-01-01,-7.462579300904259e-05,-0.012571221470541837,0.0006704550612458165,-0.000649844248435517,0.00998775035358085
1974-02-01,-6.70873049029286e-05,0.008481300342944751,0.0006818492820064588,-0.0006323042478037657,0.00864799039773219
1974-03-01,0.0005031207456113148,-0.0018859068490733686,0.0009223622810463804,2.054170477055905e-05,0.0077897523404703295
1974-04-01,0.002596111616693573,0.014067492267599976,0.001624496276994293,4.3708595472393876e-05,0.010510130044860792
1974-05-01,0.0013749149735847554,-0.008173350212297986,0.001209383674559125,0.001261874381726541,0.007508418991641734
1974-06-01,0.00402154867089921,-0.004008919939704553,0.002187358340757816,-0.0011879486184813814,0.011476170217016697
1974-07-01,0.00013275119861314998,0.005400183276826214,0.000704619881388249,0.0006189179044837102,0.01006456125356367
1974-08-01,0.0007418609244052418,-0.025146253136740168,0.0008955771726352919,0.0006099341311931621,0.010452430037499278
1974-09-01,-0.001050158435933801,-0.004675762240749337,0.0002826744491242199,-0.0018098982802490417,0.0075681361519827
1974-10-01,-0.0024848678930862937,-0.02024121382343838,-0.00035504407925347195,-0.0005941925727134691,0.00944166047402529
1974-11-01,-0.0034525599786534413,0.011336191151310874,-0.0006767790029858515,0.0017390033331272448,0.008509186204480169
1974-12-01,-0.010855106488969098,0.017651281010458212,-0.003502337347457675,-0.0006986091934538103,0.004487347936720565
1975-01-01,-0.014473398350365489,-0.004856066045191265,-0.005021862868551143,0.0004183544521380337,0.003188783519705852
1975-02-01,-0.009313379272805362,0.028277103366561154,-0.0030767355653545294,-0.00010880443217809238,0.00025743813000807855
1975-03-01,-0.009974312425331542,0.03335802231887909,-0.0032602129000056023,0.0004498020830533384,-0.003432903877768451
1975-04-01,-0.006064876699249845,0.018664925396969276,-0.0017998368969516447,0.0004829021583671074,-0.002444077030670408
1975-05-01,-0.00014135850064956853,0.007934195829176373,0.00041008897849799776,-1.8031045430905596e-05,0.0016493847539638153
1975-06-01,0.00043279142131732377,0.01979727541775748,0.000903895558682717,0.0005488972365099571,-5.393199870972951e-05
1975-07-01,0.0013573422868320335,0.010686818074289006,0.0010025502395658548,-0.001675020933519155,0.001326006707467416
1975-08-01,0.006115401921039359,0.002692448234361657,0.003026187161304021,-0.0004844441788452785,0.004860025971280387
1975-09-01,0.005673919484070622,-0.015725471571953992,0.0029406141943324558,0.0017092757582570486,0.00556388587376477
1975-10-01,0.0047618119251755745,0.00015982677659861296,0.002366290644782716,-0.0010532923375599045,0.0056236126863874955
1975-11-01,0.0030854602096564675,0.014663532910192463,0.0019529078918446995,0.0005717226621957629,0.0051726457616617216
1975-12-01,0.0017487833499987807,0.008423814680027253,0.0013576494843468296,-0.0005285407453538038,0.0019923048415857714
1976-01-01,0.005995101119025993,-0.0011502117783049929,0.002998064099635083,0.0005963945881994698,0.004273103724018719
1976-02-01,0.006804610154592924,0.023436589491481384,0.003408062752627279,0.0005972137890680626,0.00767025520772529
1976-03-01,0.006012167556752138,0.011656680203176886,0.0030224426570040525,0.0005830019459226306,0.0071341963391099526
1976-04-01,0.003442426296235164,0.004798686826048982,0.0020530100909308124,2.095096832797789e-05,0.006179165330665166
1976-05-01,0.0036714391052036274,0.005431430052732778,0.0021217390795686087,2.284564805811951e-05,0.006949984616753951
1976-06-01,0.0032275037462336856,0.0020560650115556776,0.0018173554781728187,-0.0010373551581627552,0.006665024935332399
1976-07-01,0.001410751424051832,0.005947256682528422,0.0011769119994483376,4.69592806545721e-06,0.008090137261590498
1976-08-01,0.0033174520424040493,0.00932402556997161,0.0019343129313863436,2.5877559084144225e-05,0.006793687565912039
1976-09-01,0.003076268740045775,0.0017214183581767874,0.0018238203355681831,2.266239536308396e-05,0.005337875304193299
1976-10-01,0.0035242589226335587,0.008661942879119304,0.0020482365309643633,2.890118591624621e-05,0.008461885200333514
1976-11-01,0.001135455977663655,-0.0037506353369424414,0.001051108608457156,1.3526082940422409e-06,0.004917950811572232
1976-12-01,0.006536982489244928,0.0006564608035186771,0.0031831931533228587,0.0005718315203644607,0.0072372612805250095
1977-01-01,0.005331987116655647,0.011033360072031682,0.002688632183125517,-0.00046539758176680513,0.006231790591620597
1977-02-01,0.0025756253605000016,0.0018247249382221712,0.0017976964240510103,1.9864792352880412e-05,0.006876231198438517
1977-03-01,0.0074203517529827295,-0.004682171012401591,0.003495577484245739,-0.001435453466535125,0.008516510321463172
1977-04-01,0.007943071581878692,0.0006889928608365685,0.003790456132862598,0.0015922675255145959,0.008707782699341242
1977-05-01,0.006396716612071409,-0.0014218625748550083,0.0031783169348163056,-0.0004350982645163877,0.008939710372979071
1977-06-01,0.0061098796000451875,0.0017299799574149962,0.0030998786414352924,0.001048434928516092,0.007389935703163543
1977-07-01,0.006024481003042708,0.0037677604939024265,0.003092546510660648,-0.00043902467726844113,0.006885408670284845
1977-08-01,0.004677846790376004,0.005229719479409041,0.002597218557573664,4.2152899089192466e-05,0.005785994756355024
1977-09-01,0.004597360528436293,-0.0029155181511933545,0.0025010940416014768,4.1104595042246276e-05,0.007244691590714265
1977-10-01,0.005298808004368125,-0.0010119753704180506,0.0028741060120769154,0.0005327029774855262,0.00830158462642955
1977-11-01,0.005512985320580378,-0.00368542057637541,0.0028651655626028717,-0.00043479837131568373,0.0057759882296338615
1977-12-01,0.005216074795653117,0.004175837974223329,0.002809029779028296,-0.00043145232127745313,0.007615994091722122
1978-01-01,0.006161762864621011,0.0011680905261479218,0.0030944425937568603,0.0005410880349348184,0.0076727375872172624
1978-02-01,-0.00023799468870206982,-0.004254990174411794,0.0007468829713697558,-0.00048633680165459137,0.007088181016718319
1978-03-01,0.006320668721786838,-0.0011048850501729946,0.003189269174778305,0.0005363306782354007,0.007224977011358278
1978-04-01,0.0092103017720457,0.0007035803775058067,0.004269363062418172,-0.00037856160962903483,0.0110205610650657
1978-05-01,0.010343839303188445,0.01097954181937176,0.004807617783435994,-0.00035657282003429165,0.011753933239670571
1978-06-01,0.005359133208010208,0.014697462246447121,0.002817777769238784,-0.00040078644762786103,0.007926992940638278
1978-07-01,0.0071218247996676105,0.002577490779993792,0.003536296310476028,0.0005447530124187082,0.009089731099121545
1978-08-01,0.002768545537649744,0.0027130424839752307,0.0018198687277018446,3.0421438786769494e-05,0.006915726152633159
1978-09-01,0.005376662214894353,0.018864474629782066,0.0027877495111509063,0.0005099751591247611,0.008547721826208002
1978-10-01,0.004682111489486336,0.003041070111843955,0.002453273284425821,-0.0008492926837371394,0.008082433263642932
1978-11-01,0.006632210843701473,-0.0055988707511993325,0.0032723931507410917,8.04282892044973e-05,0.009927912534691085
1978-12-01,0.007209697420019818,-0.012638658540812801,0.003548876275302217,0.0009656053653088291,0.009865649932322907
1979-01-01,0.004996127098804955,0.006465603547288264,0.0026334403463762535,4.7985736300138924e-05,0.009201713445982638
1979-02-01,0.0021072904273636726,0.013014502119057131,0.0015380589696326536,-0.0008519431564567761,0.006660415446460038
1979-03-01,0.0032538476758558464,0.0001047166906449448,0.001948031664094706,-0.0003897538083252248,0.007413670392275301
1979-04-01,0.005589417037673855,0.007183592519483263,0.00295835962402751,7.550763938603532e-05,0.007366209193139262
1979-05-01,-0.0023802712082884644,0.010904379726861117,-0.0002435100348646866,-1.53969335488545e-05,0.006605691108368992
1979-06-01,0.007189829360175383,-0.003720807077442348,0.0034945667726067452,-0.00032453326024912185,0.009409453519365646
1979-07-01,0.002749620614291161,0.008622784144370885,0.0018350450437532426,4.96280919719847e-05,0.00826631570215057
1979-08-01,0.00178954269724522,0.006682784918211042,0.0013646639741525096,3.792832358233534e-05,0.010304540794617283
1979-09-01,-1.7980401424704797e-05,0.015906916083054817,0.0006979302635201141,0.0004197850706414219,0.005134764890470109
1979-10-01,0.0038937269986357194,0.006054967725400153,0.0021126567908665997,5.2736750257993865e-05,0.005121144260304122
1979-11-01,0.004689558346414609,-0.006215746023742396,0.0024272077174464783,-0.0003355067575315555,0.008877692925909158
1979-12-01,0.0013407550712177608,0.0026697185690561656,0.0011819850918056798,2.9741378930285376e-05,0.00527367233997451
1980-01-01,0.0011620147530001525,0.013996833198259341,0.0010979777512069627,-0.000360190357748708,0.0052818070471890455
1980-02-01,0.002376696814987068,0.010968204250009429,0.0015415516500925485,-0.0007153291652434547,0.00680851290632519
1980-03-01,0.0024225585715492454,0.01344971241437658,0.001573901057273428,0.00044321222326601474,0.006534733470548414
1980-04-01,0.0006003932420484727,-0.01845601665865347,0.0009310971540260819,-0.00033540116619500517,0.005899484395249302
1980-05-01,-0.010960781457236257,0.00601370430438887,-0.0035051657090574406,0.0010111119366168798,0.0034247306553010885
1980-06-01,-0.014682294991370338,0.02239104597405058,-0.005040707898410168,-0.00015781781210542434,-0.0016020166303376132
1980-07-01,-0.005780258993913058,0.022666828280959266,-0.0016770511065930386,-5.65064802293547e-05,0.0014398384046742409
1980-08-01,-0.001754593851921559,0.016597348837187574,-0.00014766635677944504,0.0024958053633294063,0.0042298252688344655
1980-09-01,0.005380798212246341,0.010072640101288478,0.00278300684567182,-0.0017474345674952083,0.006196786831763769
1980-10-01,0.007024240692461305,0.007910116345709728,0.0032146814732646693,-0.00028037477399813713,0.00727266433968502
1980-11-01,0.007101059721285108,0.008998107487017768,0.0033708637221629813,-0.00026977739543963933,0.007101157588937733
1980-12-01,0.007411941639561312,0.011925050313458231,0.003445784756232481,-0.00025759610779528416,0.00699273016832012
1981-01-01,0.0045184406847982965,-0.0007900074287733288,0.002384625366473369,0.00040787622536096827,0.018082493570071204
1981-02-01,-0.0010745235880466318,0.004675863355101847,0.0002963608869667809,-5.681615755771762e-06,0.003893529318638892
1981-03-01,-0.00025380628232676426,-0.0032745431000630433,0.0005833646298638624,3.0129867461675573e-06,0.005619274999644962
1981-04-01,0.0010801303202984068,0.01357653982650872,0.0010334021406079768,0.000685641521509759,0.004399327642156849
1981-05-01,0.0027540876510942455,0.006014099939878499,0.0017388461283618184,0.0003604457209742764,0.003662292957667398
1981-06-01,0.0036585862355225504,-0.0013620850037196657,0.00196362840562433,-0.0003003921137686684,0.006333126585734715
1981-07-01,-0.0015656148403369687,0.007020231687697926,6.871101482593513e-05,-0.0006838066365617815,0.004008798754200158
1981-08-01,0.002682076884671488,-0.0019176117751332337,0.0016351096134296765,-0.0006169723292239863,0.006403307449467855
1981-09-01,-0.0003382339695324173,0.006231669177163862,0.0004647215348099255,0.000976607315907147,0.004091773528927991
1981-10-01,-0.0031639684818585206,-0.015482660804532582,-0.0006145674823630726,-0.0006778870455778572,0.0036227242720262534
1981-11-01,-0.004839349396901569,0.010335078702866337,-0.0012379333947248083,0.0018545477638337122,0.0014519425009321698
1981-12-01,-0.008309249394308795,0.015006735465362247,-0.0025926331369184657,-0.00042893578654856876,0.0025055333464207904
1982-01-01,-0.00574764053505228,0.009436577433241475,-0.0016573990961702523,0.0002357353495601035,-0.002242957263901899
1982-02-01,-0.005437443579814715,-0.005595080485928675,-0.0014850568026745707,-7.588821598802154e-05,0.029453925173657
1982-03-01,0.004254260048620219,-0.0024218642503740046,0.002060787539218597,2.7837910517729787e-05,0.0003638542980124792
1982-04-01,-0.004525430621543603,-0.0007800894421251137,-0.0011411291053092423,0.0008707503491156371,0.00042309974891030847
1982-05-01,-0.004079512097771405,0.018627124443496394,-0.0010361470066559374,-0.0010053294753450412,0.0013953118728871378
1982-06-01,-0.0021906285780704067,0.0062945500008865845,-0.00019999778414827424,-0.0019054890298544984,-0.0027917897141505627
1982-07-01,-0.0027456287583908826,-0.007936995310652003,-0.000558713341757388,-0.0006387315327705267,0.00242436297240868
1982-08-01,-0.003470802731944293,0.00604489521297326,-0.0008875980282197756,0.0018003619551002785,0.0018385774882516094
1982-09-01,-0.006356257449046866,0.008632404761605341,-0.001842124584581764,0.0008256867319030766,-0.0019163022890402294
1982-10-01,-0.003008896291289513,0.03296043442681539,-0.0006238236271643269,0.0005538251308668518,5.5204530321583626e-05
1982-11-01,-0.006057386716752091,0.027345769926552948,-0.0017912045678129553,-0.001302829915936385,-0.00169058148345194
1982-12-01,-0.002231218864607619,0.01577779358631743,-0.0002917624868852126,0.0014709555869867447,-0.00260702026095091
1983-01-01,-0.0008955882255972647,0.007751154096161053,0.00031690403971075705,0.0005790346728113754,-0.0006617147259538002
1983-02-01,0.005714319310115254,0.011074659379592981,0.0027583007917807933,-0.0014756515778992332,0.0003084592505971937
1983-03-01,-1.4839153157725216e-05,0.009248922056231013,0.000608922066819038,0.00028548716493878785,0.0010354044307387714
1983-04-01,0.003957217812803652,0.011676560419217573,0.0021482109173397417,2.479136803237617e-05,0.0003275590351389218
1983-05-01,0.005350506916550285,0.011884974413218424,0.0027019730591520243,-0.0017692633103522908,0.004128656833761802
1983-06-01,0.004884956686319993,0.012594646088913246,0.0025777469569462303,0.0009477504255685243,0.004975068481745163
1983-07-01,0.006836445672805496,0.005448623983623816,0.0033841523845131926,0.0006609960762231022,0.005519294001084764
1983-08-01,0.008191163530889924,0.002428625230548985,0.003846556083603599,-0.0005219434329297745,0.0065341636717769595
1983-09-01,0.004531021023174972,-0.0035426860308583868,0.0020658439943145096,0.0003316225548658332,0.006686427231780427
1983-10-01,0.009363774961415041,0.008054939073236799,0.004687160307518102,8.933164793916955e-05,0.008937655984944342
1983-11-01,0.005345764645472184,0.003508224493518554,0.002737025472899123,-0.0002511547048071087,0.005343103538299764
1983-12-01,0.005601032952379687,-0.0009902249670225057,0.00290650738341635,0.00034321580842093714,0.007257619327213447
1984-01-01,0.0054995425191195,0.001515040126329735,0.0028639966790102913,4.620355053649719e-05,0.006888244291034636
1984-02-01,0.008406976572895273,0.00443288591841036,0.0038951110890805634,-0.0010894682687768397,0.006896253174914874
1984-03-01,0.006925393495023115,-0.01155199461338884,0.003480672679680462,0.0006529303671551878,0.010249668175598936
1984-04-01,0.005195333575536589,0.002980742007665185,0.0026997123964326384,0.000623812476944268,0.008697700825520046
1984-05-01,0.005371158132084363,0.003064056294081556,0.0028066699186202705,-0.00024337775490550407,0.009493774664552299
1984-06-01,0.0053629201045091,0.0012170082452679452,0.0027777865325197635,0.0006197488744302015,0.008808906019311539
1984-07-01,0.005610551472756488,-0.0028369987524574604,0.0029275860350867385,4.637223783159461e-05,0.005709920715968399
1984-08-01,0.0033837205736810642,0.0004599426349034965,0.0020407019336537774,-0.0005510266881523559,0.006596600361026833
1984-09-01,0.001880228216951744,0.02468332665229884,0.0014433143329226864,0.00029055499276125726,0.0075473324632489595
1984-10-01,0.002350905339041454,0.0065356650119637455,0.001693629191986534,1.0843898317833498e-05,0.005417675078472519
1984-11-01,0.0022602771123550695,0.002218433403056853,0.0016240096125685647,-0.00027362243527334954,0.004841812232964366
1984-12-01,0.0034166565522708208,0.005814935002417491,0.00206941402210702,0.0005872941022152684,0.005022710625860293
1985-01-01,0.0020357446351545257,0.0016009515105833705,0.0014444350546566082,4.845538579886489e-06,0.003551746549096159
1985-02-01,0.0020000644894481415,0.014436370935880165,0.001517343441531788,4.835600979363537e-06,0.003183761155844563
1985-03-01,0.0026222439751344456,0.016738660747555693,0.0016474958166665886,-0.001108836666619442,0.00451509750072224
1985-04-01,0.00504489687080353,0.0008496348929790017,0.0027013512032704077,0.0003265752690038442,0.0037527910147388934
1985-05-01,0.00041680112606880325,0.00655581882434355,0.000881361298114723,0.0008234556894537476,0.0021106493038792135
1985-06-01,0.002748073267740121,0.009593610821440042,0.0017884365023429732,1.3064070909169777e-05,0.0026461748191529424
1985-07-01,0.0007239257537970248,0.009988398162155184,0.0009617004291135603,-0.0002868474761428091,0.003221070798237011
1985-08-01,0.00155107321643417,0.008951928760294268,0.0013405068255604926,0.00027756940425181515,0.0021425610203951737
1985-09-01,0.004167559746675091,-0.0020455322359549653,0.0022704198888082922,2.9243548970093807e-05,0.0033240853932463323
1985-10-01,0.003615561139054858,-0.0019072659924257542,0.0020605234682553697,2.2566407388731538e-05,0.0032674220201807944
1985-11-01,0.0013998715662750867,0.007216187252849851,0.0012686314882464373,-0.0005496281808810146,0.004547077810187206
1985-12-01,0.0034159098114185677,0.017859627143771914,0.001989558228315302,-0.00024930980770416437,0.004537703501595749
1986-01-01,0.0036561390911880026,0.015282712605732525,0.0020032270924806007,2.6662957287239143e-05,0.004426470456067387
1986-02-01,0.004560581410823586,0.004166899418307029,0.0023701797218124293,0.00030876235934141976,0.0038574843802817466
1986-03-01,-0.0008151385428229023,0.018113348273401525,0.00040986892494122027,0.001596234114126307,0.0017602098944433553
1986-04-01,0.00039849273533139264,0.01869861547764213,0.0008632008246586368,0.0010745523711290835,0.0032440095573890914
1986-05-01,0.0027570009488296224,0.009760419803963276,0.001745585679727284,-0.0005258993907323197,0.003080796600823965
1986-06-01,0.002836340805005708,0.004381811678317809,0.0017403292443427295,-0.001896789632209584,0.0013934081353022577
1986-07-01,0.0011447866096558278,0.01138231383302044,0.0010284169290482109,-0.00027497122916263005,0.0022317866937728442
1986-08-01,0.0038809217935577736,-0.0016347943960834566,0.0022011255866956534,0.0008408254446561201,0.004577678690269668
1986-09-01,0.001969184343859693,0.009016845391571496,0.001430387075349949,3.815215860494391e-06,0.002083021416317742
1986-10-01,0.0040514908129384505,-0.0033662592281817785,0.002305644807392527,-0.0007839964250722195,0.0013108586551031144
1986-11-01,0.0022051315179526677,0.003274347150962541,0.001507599166544298,0.0005473708967781821,0.004551497449252633
1986-12-01,0.0031298868450168288,0.01147069016179359,0.0018654135907526272,1.6859375480674113e-05,0.002600751737444472
1987-01-01,0.00580878752271579,0.006021387474601853,0.002846808754994209,-0.0004897444168683492,0.0008056274219105249
1987-02-01,-0.00011647970719338052,0.02014359398756428,0.0006771497234191073,-0.000550370154000444,0.005133566986011415
1987-03-01,0.00697285259632177,0.016630527806528735,0.0032821705719813556,0.0005982791140247231,0.0057604041204592235
1987-04-01,0.003383324786306742,0.013395182728046615,0.0020105439295369483,2.3291831251682384e-05,0.005474835872181787
1987-05-01,0.004882448528392227,0.00032904974144777957,0.002586348592452401,-0.00022402842205908688,0.005037409351642758
1987-06-01,0.004899791661541484,0.002811239598820462,0.00253994055858351,0.0005671978474866389,0.007220540946478798
1987-07-01,0.0030983776532078613,0.013855560826537413,0.0018307042797895807,-0.0005067008042563466,0.005063954229337073
1987-08-01,0.00514340365935009,0.009746347852463656,0.0026858612973831896,0.0005661476799848634,0.004630919024236957
1987-09-01,0.004460454286935804,0.01777309225426428,0.0023349875813620355,-0.0004875093947029438,0.0036978753294984188
1987-10-01,0.004401126761724631,-0.004797468829986351,0.0023699958122565057,0.00029544479274727154,0.004908729237250867
1987-11-01,0.006327007671692258,-0.0286970157568009,0.003150196980104153,0.00031278887286189093,0.009690632471166184
1987-12-01,0.0024376247226761314,-0.028336861016333634,0.0016106201817248254,-0.00024808854002190603,0.005727483416305692
1988-01-01,0.003921572188204509,-0.0005593647025224798,0.0021999765047780616,0.0005417957004437026,0.007235926393685559
1988-02-01,0.0002513682574512817,0.014378257026890696,0.0007453640759051036,-0.0005288326980424624,0.0034823271969397183
1988-03-01,0.0038386154427961167,0.010668374642402074,0.0022555143718343525,0.000538274041388238,0.006583620697278491
1988-04-01,0.0035055234424503554,0.010583913250982669,0.002060299016650141,-0.00023350196506064197,0.005596205295940996
1988-05-01,0.00508794452223165,5.1558997537088464e-05,0.0026204513883314857,-0.0009750928290516627,0.006123517307193606
1988-06-01,0.0019573897045931862,-0.0018127902116719125,0.001479629860275827,0.0010235514969185256,0.004941658698452909
1988-07-01,0.004298143277338138,0.01660802190771868,0.002401648529622577,-0.00047200616567858903,0.007979590717128778
1988-08-01,0.0022266129439638266,0.0027052380421013467,0.0015632855099356594,1.1494973388136248e-05,0.00458806005375916
1988-09-01,0.0029061078799607148,-0.0010179993850194427,0.0017321307257837206,1.8132965040865824e-05,0.007131090072192278
1988-10-01,0.0023571071975663593,0.007950712764992946,0.001695718377276028,1.3815835304739849e-05,0.005671915547927273
1988-11-01,0.003957120401642881,0.011714474153394085,0.002208512925895256,0.00027834904811698116,0.0034125050670545487
1988-12-01,0.003679899837653383,-0.0021409480762826305,0.0021534520759820186,2.5993827100448155e-05,0.005242382655402772
1989-01-01,0.004440750915617499,0.00802265772568854,0.0023988417842909266,3.442706256385718e-05,0.008462906138139893
1989-02-01,0.004039149598114656,0.010988887805193836,0.002250213980504112,-0.00021509022899164442,0.007264031265380137
1989-03-01,0.0018410922147144607,0.011438419184129535,0.0014720139370911786,0.00025202690236200367,0.005813440064635087
1989-04-01,0.0027395204876089173,0.002857772035179081,0.0017220909062918507,-0.0004717803936234585,0.00527024309630917
1989-05-01,0.0017046013288425045,0.01216849671218125,0.0013379126251508095,-0.000717561507857501,0.005926127809333251
1989-06-01,-0.0007382136244976293,0.014530118828031546,0.00042680473709346095,0.0007080459385648278,0.005162704626823901
1989-07-01,0.0005969131782910633,0.012306189466595169,0.0008871536792873996,0.0004722810674475892,0.005317091598442948
1989-08-01,-0.0019333673266223545,0.011980537654394146,-3.169481835603623e-05,-3.724848616558128e-05,0.00333888035815441
1989-09-01,0.003976736642251578,0.013903883402732868,0.0020670586482838564,0.0009801444805162618,0.004164076273360477
1989-10-01,6.875769340394691e-05,0.0055773949221618515,0.0007743817279100925,-0.0007333387759794836,0.0011157069639988267
1989-11-01,2.9842283434140283e-05,0.0051973640604560094,0.0006766466046777262,-0.0007291726727946084,0.003289065809392593
1989-12-01,0.002170745167622304,-0.0008635856210872805,0.0015357492822914856,0.0002473050377552706,0.004604418631531718
1990-01-01,0.0019493530110233767,0.01021315740914673,0.0013407917365623968,0.00024117691777860622,0.001556936008543049
1990-02-01,0.0026125379428750596,-0.0021475048360239356,0.0018162670046770934,-0.0018545764769123784,0.003668678144917982
1990-03-01,0.004251819000286166,-0.0035582415747931807,0.002264118578277127,0.0016740448382414935,0.003653655117288914
1990-04-01,0.0029341068335981633,0.009646579852432014,0.0017831383734015344,-0.00021325836672812183,0.0037404119378727798
1990-05-01,-0.0007544544794439861,0.005281045292837418,0.0003506216681727207,0.0006684536221064886,0.002981716642727968
1990-06-01,0.0011173834547754814,0.013140558987012012,0.0010804706896861164,0.00022401005107144904,0.005003640145509526
1990-07-01,0.0011406804327539844,0.011560883554836972,0.001020244061721513,-0.0013820003140376585,0.0013775514480162336
1990-08-01,-0.0011291905878228884,0.0054149682867321285,0.0001698204779957762,0.00043308707189094434,0.0039061297916579444
1990-09-01,-0.0004475493074202878,-0.015091180944513194,0.000305721397726619,-0.001150820859865659,0.00379567513330841
1990-10-01,-0.0010644530858821663,-0.0058275083065464275,0.0001504791499053091,0.00043605359851115795,0.0029388259918854505
1990-11-01,-0.0028586635116032697,-3.5356358535962047e-05,-0.0005059107322526787,-3.850924613016314e-05,0.0015062122522029723
1990-12-01,-0.0052454579427627865,0.01376876809877577,-0.0013684975382748058,0.001264764175252226,0.0005932627208082779
1991-01-01,-0.0025484723061558233,0.016347767695471884,-0.00033473258942224617,-0.0004899108552844863,-0.0014878391476447518
1991-02-01,-0.003683681846735311,0.004394179387444906,-0.0008252679963497258,-5.850284047516872e-05,0.0026938676267652213
1991-03-01,-0.004448277536809894,0.03296857310117879,-0.0011860020125479282,0.0008134558723281127,-0.0013000763092609283
1991-04-01,-0.0024666623027532,0.012815848629254934,-0.00036617082021371257,0.0001726771340158983,-0.0037802577814778555
1991-05-01,-0.00033407294255516145,0.010090962892862638,0.0003545619907045273,-0.0006851449377689991,0.0002600792278391552
1991-06-01,0.0008883399334967468,0.003770466850350976,0.0008077728354620712,-0.0004491622131692248,-0.0002956331205593715
1991-07-01,0.001891282311680922,0.004561062193973309,0.001301379666951144,0.0002225337349673961,0.0009708920618270982
1991-08-01,0.0011856205183243891,0.005875305327316634,0.0010160380114972406,0.0004316152706996006,0.0015239901534148852
1991-09-01,-0.0007775538794854184,0.011267566807814332,0.0003141967258122147,-0.0004639034780995782,0.001041561555806952
1991-10-01,0.001755819657301424,0.0030700653043647073,0.0012160596297170004,9.256426962560843e-07,0.0039033388057557114
1991-11-01,-0.0010885476133407502,0.005438257808087746,0.00020965415756972602,0.00040263058608715213,0.0018766545229744005
1991-12-01,-0.0008265378354089868,0.004918372275535604,0.0002715769519329222,-0.0008923595394963585,0.0016197098491096715
1992-01-01,-0.0020944167799847356,0.0076836521306098814,-0.00014525850026649175,0.0003914975723020637,0.003122142552994711
1992-02-01,-0.001066354839275122,0.02214844271301966,0.00026025822342669856,0.0006148134355325059,-0.0013968978800784156
1992-03-01,0.0021803163636056186,0.002177995298496041,0.0013515463397751125,-0.0004250215682899632,0.0031507083236785795
1992-04-01,0.00345504986153331,0.0005930553984026406,0.0018834977839243365,-0.00040744131213441036,0.004662003263471955
1992-05-01,0.0022880926994065937,0.004214782567720127,0.0014876421683260596,0.00043462337992954776,0.003955248393927531
1992-06-01,0.0014579490289744858,0.008868269087191773,0.001195772883487246,-2.3574755576824003e-06,0.0019361462458510504
1992-07-01,0.00023451674960257396,0.0012143381830974098,0.000720262441249075,-0.00022820800949516654,0.004605032373420997
1992-08-01,0.0017076038161245137,0.008444237340717345,0.0012171575339271956,9.295068666335708e-08,0.004709912981335172
1992-09-01,-0.0004536252687131377,0.006976649309148281,0.0005385183553042811,0.00018927068391319166,0.0020021848278829546
1992-10-01,0.0006393037649805409,0.005210381926674618,0.000839500251826396,-1.1998314581909207e-05,0.0025624191493313145
1992-11-01,0.0031005463181818724,0.00033198764760794774,0.001814568126061057,-0.0006135533626176211,0.003040245390302273
1992-12-01,0.002500292043549567,0.010031212593569894,0.0015896003554371075,0.0004314836249383506,0.00362582191960429
1993-01-01,0.002764896756837499,0.01110665306681857,0.0017547390843281783,0.0004317434831980194,0.005889860662736758
1993-02-01,0.0024505039378327534,0.0038491620606231724,0.0016442996206131938,-0.0006163772704087128,0.0026767055599174715
1993-03-01,0.002628121662939262,0.007563127336208771,0.0016865968475100657,0.0004282332607955319,0.0037591724164730903
1993-04-01,-0.00037955994841158604,0.009902089495667519,0.00044361837934860126,0.00018415209786232714,0.0049499724255189495
1993-05-01,0.0026738571783248423,0.00013212540385117898,0.0017416226502285064,-0.0006090582333331278,0.0037146756333972368
1993-06-01,0.0015699085585835545,0.005577262201686082,0.0013626247721137358,0.00020895849183103887,0.002543624353366026
1993-07-01,0.0015972656420596065,0.005966039649181383,0.0012797393910470858,0.0006173658898756887,0.003203073756643417
1993-08-01,0.0027041153475035164,0.0035266302399041176,0.001758529676739871,-0.00019429433148928616,0.0028673450926360276
1993-09-01,0.001400030666342459,0.008168614091410389,0.001218549628619337,-0.0002079210957106252,0.0029268526098396317
1993-10-01,0.0030410160430876495,0.00651773032545234,0.0018354463255369604,0.00022053811056796225,0.004957674430426133
1993-11-01,0.003994637101275459,0.005844593729117034,0.002197018244806207,-0.0007915603607753513,0.0033538190266626934
1993-12-01,0.0037029022620888143,0.002983652879458724,0.0020942214260528348,0.0004340200978450527,0.005008922458101637
1994-01-01,0.004955301615526238,0.0045341770290037746,0.0026044234570169822,0.00024219626336260987,0.005712986541802631
1994-02-01,0.0021975178190210554,0.007805065832211079,0.0015438046031243428,0.0006147085008170279,0.0024295055286754175
1994-03-01,0.002774392344038741,0.00317149683129513,0.0017441298076171711,-0.0007985547543151657,0.005114010321783586
1994-04-01,0.006388355217223225,-0.0016784504543476996,0.003170809727566974,5.491308766326651e-05,0.00473115142199826
1994-05-01,0.004932104626587191,-0.005832200994901778,0.002594129538616418,0.0006435029732037275,0.005244563031653191
1994-06-01,0.004849956320567138,0.004958490253697758,0.0025695669721675935,-0.0003669788358505634,0.009071285343950795
1994-07-01,0.003901016729628778,0.0055328130052896465,0.002182626022707351,-0.0001754301268996118,0.006031862233736356
1994-08-01,0.003242173301629902,0.0018568867686093943,0.001998236335638089,-0.00018022915781647092,0.005795408868154835
1994-09-01,0.0049124416557914915,0.009749247936070493,0.0025551110242927025,-0.00015987057844015477,0.007354452699322833
1994-10-01,0.0038194760069214084,0.0048513280117883735,0.002193299803948225,0.0006252367316027894,0.006008487670701007
1994-11-01,0.005018846845368738,0.001303255403683338,0.0025521576299959202,0.00043569470169495597,0.006259030840157544
1994-12-01,0.005236738069332888,0.0013652975963526876,0.0027312686112155268,-0.000555370291787433,0.006635945644402364
1995-01-01,0.005518873382042955,-0.00033537152446041726,0.0027599483110730978,0.00024235181837726526,0.007107821237545855
1995-02-01,0.002845826573008912,0.009150413116562865,0.001825123146198673,-0.00018319618552727998,0.007139877236405763
1995-03-01,0.0012572145563704105,0.013067645115333022,0.0011831279920173294,-2.775964818295684e-06,0.00544627320799735
1995-04-01,0.001482320422357494,0.010056727889025662,0.0012491531019528162,0.00019545737317905646,0.006298185242998432
1995-05-01,-5.9687518979471485e-05,0.012290534311026837,0.0006636859048827768,-0.0006068804557825476,0.005124366599387967
1995-06-01,0.0010265569083754914,0.0121775852977666,0.0009496561790112671,0.0005807405212822225,0.0049015311004592535
1995-07-01,0.002681272566278553,0.011022904775026968,0.0017054160550583047,1.1858687140038432e-05,0.004471259431178586
1995-08-01,3.908592019385938e-05,0.013030034617012428,0.0006974216060764033,0.0001772516191903687,0.003176029023299702
1995-09-01,0.004879628810017663,0.003809008486174913,0.002470130026214889,-0.00015975147473449436,0.004947661685522265
1995-10-01,0.0031630920682770283,0.012097649566129054,0.001883297415642698,0.0002112488879562984,0.004649930783558132
1995-11-01,0.0007650707369987202,0.006514311847023845,0.0009775829475023512,-0.00039742453218107,0.0038046860226267506
1995-12-01,0.0017541606484588355,0.009545280329086607,0.001317887660284659,0.0003882829900089447,0.003441125415335569
1996-01-01,0.002588185889183719,0.011610218922955287,0.0016256591286899623,9.982904478557684e-06,0.002026099295580068
1996-02-01,-0.0013080916046316479,0.005636186565702941,0.00015032124284677603,-0.0011878629862430506,0.003471952944772678
1996-03-01,0.005579756404688965,0.016175174702174135,0.00279820504937985,0.001006598828389873,0.004044854533190039
1996-04-01,0.00224202887554087,0.003194922421142498,0.0015822856330151526,-0.000374448992595355,0.0015977362732054275
1996-05-01,0.004380313027048001,0.0032929572010579563,0.0022640584194583624,-0.0001583563750813121,0.004652916409137681
1996-06-01,0.00438207032741199,0.008414545406435886,0.0023598855962261855,0.0006033718106806362,0.004096906851565542
1996-07-01,0.0048009540401282216,0.005676826305237741,0.0024975614194842205,3.569428252877045e-05,0.0032572273683980236
1996-08-01,0.0021801199893744603,-0.004835025456336022,0.0015427010376074606,6.7283327936002375e-06,0.004564056351560983
1996-09-01,0.002901772435457229,0.010757164487957535,0.0017513410822183556,0.00020286234365705322,0.0037197631989344835
1996-10-01,0.004357038070450984,0.0076360460659732135,0.0023043340509521257,-0.0005355373226454704,0.003679427786099864
1996-11-01,0.0015756080143339867,0.013760448966038032,0.0013177369341801852,1.5886036419950616e-06,0.0038843612635254764
1996-12-01,0.004210589835687385,0.014821054541425903,0.0022643089244224336,3.024374472044566e-05,0.003306868515317105
1997-01-01,0.002970888019116092,0.006335573394588681,0.0017643960769202617,0.00020291800787427102,0.002862836106193633
1997-02-01,0.0024737563123248697,0.011392827935943383,0.0016281331407729405,0.00019681069419891716,0.003986008482308776
1997-03-01,0.005130486704184749,0.012863008119662773,0.0025970985468150767,3.8410025701970554e-05,0.004914414817503453
1997-04-01,0.004431583725031231,0.0012967751780130793,0.0023802641036453835,0.00040322221850092125,0.0032384908062411248
1997-05-01,0.002471154899288898,-0.004731412452237491,0.0016651012074483124,8.953886083836547e-06,0.004471273861026883
1997-06-01,0.0029803827635189245,0.024779490371286086,0.0018069174550978358,0.000199500332979715,0.004491225768887968
1997-07-01,0.0031355099910899452,0.0159780819416895,0.0018763412448907254,-0.0005410516692077362,0.005512581933237434
1997-08-01,0.0038363807162332666,0.016623801492951628,0.002126851925780885,0.00020926175365418507,0.004031945676975982
1997-09-01,0.0041105219382665155,0.003887555569046488,0.002083616538281364,-0.0003434854055227116,0.0037498688850556156
1997-10-01,0.004596428517600988,0.005684878029167131,0.002483070250858943,3.34721626682954e-05,0.006156046386473572
1997-11-01,0.00473468245901225,0.006693563882899934,0.0024847639185760348,0.00021926135867349526,0.0051496651335081085
1997-12-01,0.0050054955564683735,-0.00018421121778743814,0.002579125880005673,0.00022162703358919302,0.004399286080671593
1998-01-01,0.002486411202484918,0.01002199900764175,0.0016450949319910943,0.00019204609154045176,0.004861707623933123
1998-02-01,0.0034044593351663286,0.0038915121473322026,0.0019760636118976733,-0.00016438515226394114,0.0041599864146184325
1998-03-01,0.0028933980078418697,0.018530307970744977,0.00178163469701163,0.0003806006045504403,0.005590208919581942
1998-04-01,0.0019841948839345704,0.016462437813655993,0.0014211604574808467,3.239878912038239e-06,0.0045885727043762335
1998-05-01,0.004012383705119134,0.011163434604437658,0.0022210079212335483,-0.00034018871220321297,0.0041545776649850935
1998-06-01,0.00360121111989529,0.002748555512315459,0.002091458300754671,-0.0003443533910135024,0.0026710058124319136
1998-07-01,-5.52505195592105e-06,0.005088861509093462,0.0007468333325623653,0.00034790708598713245,0.001845280934117249
1998-08-01,0.00017370710899167218,0.015314947726656062,0.0007560143251043569,-0.00038081870032684594,0.002548788447298579
1998-09-01,0.007357688197465597,-0.015755135829792464,0.0033819332846769896,0.0004265199852265076,0.005452672972749345
1998-10-01,0.0006963738599187628,-0.007623006134190657,0.0009628012957252274,0.00017045556552704606,0.0037249403474023217
1998-11-01,0.002712172799999594,0.006773923654716752,0.001659374484496201,-0.0005341321235078294,0.0036482527536316443
1998-12-01,0.002684501957339685,0.028785182002324675,0.0017497401299375113,0.0003753979518278578,0.004512440475264956
1999-01-01,0.003443511273542658,0.013062217765754964,0.0020329314840757343,-0.00016079779033186106,0.002834820450570957
1999-02-01,0.0032148465688191163,0.015362559494594419,0.0018398453069890914,1.7689411004359405e-05,0.0028581091677795482
1999-03-01,0.004193605842273575,0.002869854305626837,0.0023268372387940796,0.0005694840572293841,0.005599449243778355
1999-04-01,0.0022296371073343623,0.01085763233434821,0.0014840188746604187,-0.0001745777434830426,0.005478293363389291
1999-05-01,0.00233112925862884,0.01391644985307943,0.0016233204985693424,-0.0017889432895110816,0.003704759855362687
1999-06-01,0.004197335836521972,0.0028106925020572205,0.002241384774092035,0.001824913291527813,0.004497892057838914
1999-07-01,0.0016453226470220976,0.002662134872930045,0.0013505135026576878,0.00017850797862709885,0.0034416295697939614
1999-08-01,0.0036219931828972768,0.014003152615850447,0.0020668229365021743,-0.0012288564767179001,0.005166208357962388
1999-09-01,0.004028041347730163,-0.006187782453738384,0.002170760465363466,0.0005643809587094404,0.003973646230617459
1999-10-01,0.0009005782031347137,0.0029950214167184432,0.0010666010404450782,-0.0005381217668365192,0.004529899529990289
1999-11-01,0.0057819209069044555,-0.0007075034250538811,0.0028638008403754846,0.0007558773743876146,0.00528968030651026
1999-12-01,0.0037893867554424955,0.019814822983676685,0.002122927066053284,2.4223190005673032e-05,0.00806525943683265
2000-01-01,0.005095888636035436,0.009357864669735996,0.002608360012682267,-0.00013702645308310955,0.007127762554049835
2000-02-01,0.0033418356930536813,0.0030974520129614103,0.0019785157796473134,-0.0001543328932782363,0.004067975069713511
2000-03-01,0.002806917818797711,-0.002395474781625293,0.0016941623984275444,-0.0003349861820550678,0.00520415723019675
2000-04-01,0.003934961035259467,0.012495827760239562,0.002260179145909421,-0.0004911686975375075,0.004830507236580624
2000-05-01,0.0037983650062435193,0.006668132389280788,0.00211638874795482,0.0019390070702972539,0.005753276302625371
2000-06-01,0.0010697717604871413,-0.0024975434185369313,0.0010712455477863495,-0.0007029950876060765,0.00444534927454164
2000-07-01,0.00230824134665663,0.011396711203741736,0.0014672830290743803,-0.0012020096476638956,0.006428270331390584
2000-08-01,0.0005678139753754502,0.006691535722309647,0.0009058082638915337,0.0008558883696756358,0.002262542831145322
2000-09-01,-0.0002664067985744599,0.007284623441963799,0.0005223795909939657,0.0008386619000055812,0.004446611376594879
2000-10-01,0.003669137768710141,0.0006713425207917607,0.002020617552769646,-0.001521835387850416,0.0031658870990950603
2000-11-01,0.0001226513425646187,-0.008111512697981521,0.0006830453821101159,0.0010134186026219208,0.004070283358583577
2000-12-01,0.001002693481181522,0.0025855776987507278,0.0010653795121693859,-7.414829989859641e-06,0.004634135406279542
2001-01-01,0.00031832116478850304,-0.0034231603918027367,0.0008098665393077304,-0.00018486065600032425,0.0013295598016915412
2001-02-01,-0.0016159707344034727,0.006686238595654256,3.0966563013758554e-05,-0.0010527897233817698,0.0017168794357527754
2001-03-01,-0.0009012174783249922,3.237835827649008e-05,0.00035208173046728645,0.0009915863143837894,-0.0010640527879548056
2001-04-01,-0.0012839394449527444,-0.017548118996104648,0.00011803895634823584,0.000472511615631665,-0.0009765463820258539
2001-05-01,-0.0019978131778505895,0.006847787814161193,-0.0002415106632222008,-0.00037975142555090593,0.00017047448006039085
2001-06-01,-0.0008663720422217897,0.02130871725674813,0.00030340769231104606,-0.0010348298204434874,0.0004149753665322745
2001-07-01,-0.002002684295805558,-8.212740855301388e-05,-0.00015699905397549953,0.000799976001355317,-0.0025403778057395024
2001-08-01,-0.0013760386419394372,-0.001053807511356108,8.405987795672798e-05,0.0011365535761167994,-0.0019932656083841644
2001-09-01,-0.0018550335327203148,0.0007313299999054757,-0.00015349646470466118,-0.0005436334919464848,0.0002716479721304201
2001-10-01,-0.0030380840294612715,-0.022631099222185612,-0.0006129204000839535,-0.0012244085410417656,-0.002052990579619185
2001-11-01,-0.0018702302150864082,0.01325342210934946,-0.00020488106383959666,0.0019635290652777805,-0.006130673159784019
2001-12-01,-0.0023135623782690445,0.017778250469515793,-0.00034957270912127085,-0.0007136309712860629,-0.004288339695897199
2002-01-01,-0.0005954565377166167,0.008663884905821265,0.000316709485882164,-2.699608176438394e-05,-0.001702905743050183
2002-02-01,0.0011108144812401498,0.00371573652771243,0.0009237863358091461,-0.0006780116084274383,0.0015360998013979298
2002-03-01,0.0010082925464484469,-0.003831304894547456,0.0009458828224760209,-7.357723993062964e-06,-0.0001703350965155896
2002-04-01,0.002196581233732147,0.015613632929408382,0.0013721256505328612,-0.0003283699445716416,0.0009866748689984532
2002-05-01,0.0011173981465990726,-0.004233632474347684,0.0009551448168916641,-0.0005032628474271716,0.0014624771783088705
2002-06-01,0.0018616470980242,-0.002860456975542513,0.0012865831155961282,0.000997942687451269,0.0038889838530336623
2002-07-01,0.0026844224087033903,-0.011047954872367786,0.0015814431170620747,0.00017513815915424103,0.0034125411122258448
2002-08-01,0.00073876857310458,-0.02303731733580816,0.000854248429528893,-0.0005066768984387211,0.0044992592845826814
2002-09-01,0.0006730451377301293,0.0072197871875769115,0.0008697402363815057,-0.00017503748397196584,0.002478122376055195
2002-10-01,0.00027502138149350266,-0.007101475334240319,0.0006665831740673077,0.00031350871594184313,0.004893925019944191
2002-11-01,0.0008049083831061692,0.0010600488498137273,0.0009866621838847745,-0.00017299029125143818,0.002605968783726793
2002-12-01,0.001523445909918078,0.01965924292669396,0.0011351958516814377,0.0001614723724639979,0.0028582718086592345
2003-01-01,-0.0009323096664866849,0.0026542858618423507,0.00023941823493002436,-2.885724240207775e-05,0.004014851902843203
2003-02-01,0.0035147844214466076,0.002731916579945801,0.0019218806552889528,-0.0007944327763425256,0.0030160047847053724
2003-03-01,3.512926586705977e-05,-0.01125059062882145,0.0005554334968717706,-0.00033805248270975464,0.004895973479626987
2003-04-01,0.0003028687082776214,0.007740009270674152,0.0006642384447083999,0.001121579180115483,0.0020632944921111264
2003-05-01,-0.0009998032120074303,0.017622187955850358,0.0002546679626930469,0.00158753224255366,0.0017280883245089289
2003-06-01,0.0010980035913082937,0.01680293998080861,0.0010350797224192307,-0.000653053123758362,0.00010922998616497587
2003-07-01,0.0013815212224825924,0.017606107518770054,0.0011214378025759455,-0.0008155934095472335,0.0009526179731914028
2003-08-01,0.0025497629313223427,0.00514793215231699,0.0015360331472790765,-0.0006384878499472207,0.00168233674537211
2003-09-01,0.001793895085737559,0.0035790128827817612,0.001293173449624272,-0.00031736927438800994,-0.00023476055371588064
2003-10-01,0.003544465613112393,0.010795859709201728,0.0019440536195237854,0.0003463131132637538,0.004544603981160673
2003-11-01,0.002644416110471841,0.0084841320725038,0.0016849379414277815,0.0012963682451533785,0.005072507377614974
2003-12-01,0.003997159056038928,0.005977869349883585,0.002085926950644301,-0.00045638801892760434,0.003978966342135884
2004-01-01,0.0025339121226434606,0.010971794916057293,0.0016140775916874315,-0.0006314504325036584,0.0036811726226923525
2004-02-01,0.00260072939609864,0.015309275427795602,0.0016551708980981003,-0.0004664083007818306,0.00288619527872857
2004-03-01,0.0035743723844637873,0.00588052674037226,0.0019446576770601044,0.000661753391576702,0.006996617203996287
2004-04-01,0.003023085549659298,-0.000397971736682126,0.001917939211144767,1.8004038028878724e-05,0.006436865132327387
2004-05-01,0.004451228763622383,0.005168300663666817,0.00237675438296926,0.00019118797941338733,0.00641543262020035
2004-06-01,0.005230503023521073,-0.0037712559542125313,0.0026543053811470267,-0.0007496793964117811,0.006367765076358672
2004-07-01,0.0008014367202137129,0.011187137425118907,0.0010160292916589785,0.0001539880376695663,0.00652755178250042
2004-08-01,0.0046398252019336905,-0.0026988800655689776,0.0023384842745831753,0.0008211658563913323,0.007738248422022977
2004-09-01,0.0030264325265542463,5.769030222813965e-05,0.0017895012397263817,0.00017267758803386643,0.006538028961794489
2004-10-01,0.003320370727831037,0.00993331772544749,0.0019275140611602773,-0.000764597244570182,0.0029785532712715435
2004-11-01,0.004647678349551354,0.0030247110494186656,0.0024409189278135667,-0.0005880372970762285,0.006300397102842902
2004-12-01,0.0024483324197050495,0.014993055022851644,0.001542065558659139,0.00017121860344780147,0.007481203297356284
2005-01-01,0.005522191346904299,0.008879436157797255,0.002701854266941826,0.0014409929647822832,0.004902557714138287
2005-02-01,0.0025321984306989416,0.0004239248550236537,0.0015978750590687576,0.00016376247110452244,0.006424612955641218
2005-03-01,0.005175618807820059,0.006558424340932853,0.0026217898188148486,-0.0013535650043666127,0.006754176917239801
2005-04-01,0.002364773726319467,0.0031030909053161725,0.0015700346357295479,0.0001671442508706069,0.005361994254765199
2005-05-01,0.004488101668436094,-0.003117326903377385,0.0024429209866238433,0.00018958808627436626,0.005414191328888582
2005-06-01,0.0031488193631895294,0.006580676413375734,0.0018664516495228369,0.0010917306720991124,0.0034099403788261785
2005-07-01,0.004539965359076949,0.007983508998643122,0.0024034272134911255,-0.00027433241571836356,0.003329245343030555
2005-08-01,0.0032864092152360006,0.0076018969489052655,0.0020231810102115445,-0.0016615905326257255,0.001032538955196611
2005-09-01,0.00403128096455295,0.0037475453406766394,0.0021937225723254986,3.7830581044819046e-05,0.004872444712182361
2005-10-01,-0.00044610433848185985,0.005485243092409436,0.0006255382001127362,-0.0022588640407689943,0.004254205878024064
2005-11-01,0.005928366176535657,-0.004221922045411721,0.0028069062856966817,0.0036607613963051742,0.006933998456771644
2005-12-01,0.005629820565469923,0.011718725002531995,0.00279599588683635,0.00198716681787629,0.007076584053429855
2006-01-01,0.0038638605659280694,0.008217349438894276,0.002095380408447104,-0.0014715925862170704,0.007662310175800991
2006-02-01,0.005398554212418092,0.005865861859342139,0.0027651253174808725,-0.0017505893938718226,0.0068631293868309995
2006-03-01,0.002846664866106042,0.003459897269612726,0.001808469238456783,0.0016583933005443925,0.004081836258343635
2006-04-01,0.004883309372022663,0.0061588984088375934,0.0025675867017545665,-0.00026066786104637587,0.007953403382728947
2006-05-01,0.00333639570930402,0.005229616759420868,0.0019135116066033324,-0.0010186930914758113,0.005626380007578153
2006-06-01,0.001861491801973516,0.0020364787897571594,0.001332175437343096,0.0005989189210544851,0.007233660612358983
2006-07-01,0.0034983686188426845,-0.0034120863057534702,0.0019474163639112952,0.0001701818483921739,0.007037191385634481
2006-08-01,0.0009336837116235533,0.006080002664804366,0.0010393995076308812,-0.0008867759128504495,0.003634815722776376
2006-09-01,0.003237590542209531,0.00882168950738906,0.0018710859080575968,0.0003170640057556158,0.0061438271945349334
2006-10-01,0.0019621905553969072,0.00991306293786764,0.0014252415760622893,0.002779262461513348,0.004111215676948905
2006-11-01,0.0010931916672637066,0.01286639097106504,0.0010368533269402467,-0.00014681384599672052,0.0036950531333362693
2006-12-01,0.0017759388994009267,0.008770753185714573,0.0013669680866448194,-0.0014672281835918224,0.00410093844432096
2007-01-01,0.005139387921518624,0.007692130880561822,0.0025538247024948927,-0.001428163527655671,0.004062435428992235
2007-02-01,0.0006455803485049174,0.00613550254128705,0.0009689019316688115,0.0011092413083764786,0.0031597152550176463
2007-03-01,0.0030716652642675674,0.007321703621532886,0.0017295403621952888,-0.0006436582347601232,0.0048027230192181
2007-04-01,0.0032674519746346336,-0.002730248620209629,0.0019233729667966068,-0.00037292848145276244,0.003457985506903353
2007-05-01,0.0018724772279107144,0.013912456636133759,0.0012784649939271925,0.0006507822532150169,0.00470232117228377
2007-06-01,0.0019544660708202656,0.011981460435185979,0.0014026422739584128,-0.00033234588642412345,0.00535909576308976
2007-07-01,0.0017212030656833508,0.00485706488279166,0.0012890751534405313,0.0005379098122279114,0.00444877523891299
2007-08-01,0.00016435579570919638,0.006105001799019385,0.0006664412675952996,0.00014108285540901963,0.0022563228457878216
2007-09-01,-0.00014365395846684548,-0.005487775966762051,0.0005208218962915621,0.00041444746741562587,0.003242790465585634
2007-10-01,0.0008835033633324179,0.011730346662591654,0.0009521231704327709,-0.001174792133251938,0.004250951411620995
2007-11-01,-0.0003083576917924165,0.012031677981046976,0.0005417098910396351,0.00031869237950100915,0.003264533303449617
2007-12-01,0.0013828510166986124,-0.007691377384938915,0.0011252946560330454,-0.0014161227311572978,0.005196665007608471
2008-01-01,-0.00046809056024004923,0.007966491123419525,0.00046547558982222277,0.001440084023053132,0.004816017802531019
2008-02-01,-0.0008048539611801835,-0.011479804689831195,0.0003127206729424132,-0.00019199551149761304,0.004798405463748514
2008-03-01,-0.0025936861622646214,0.0020812920558807,-0.00038577890936327135,0.00025525505360253357,0.0025795665274450275
2008-04-01,-0.002475584294859568,-0.0006065950175237677,-0.0003319229615273021,-0.0003920356405669468,0.0008115990525725417
2008-05-01,-0.0030767601701057684,0.016116927032194778,-0.0006035103470632482,0.00031958105947622954,0.002219039572862142
2008-06-01,-0.0016178209316894158,0.011537595097181361,-2.8279129407096778e-05,-0.0011035134632466216,0.0017856831873225491
2008-07-01,-0.001824748639917969,-0.00494336456125939,-0.00013764885225219566,-0.0013847790573444665,0.0035709467299339624
2008-08-01,-0.004097902009469818,-0.008625940128562243,-0.0009957479130933045,0.0009152517124880187,0.00248223453031217
2008-09-01,-0.005881242794182462,0.012277710355971465,-0.001615026181576139,0.002470797058330714,0.0002007588908511486
2008-10-01,-0.01078576025041783,-0.0028388531424287248,-0.0033189054780093357,-0.0008322514627943144,-0.005557853327474663
2008-11-01,-0.004792463349964636,-0.04764301118320197,-0.001485674703393614,0.002739903115265394,-0.004620217191594186
2008-12-01,-0.010625361732129829,-0.012507035022458996,-0.003621500451583693,0.0025990820722363423,-0.007444482213389067
2009-01-01,-0.013909701687382888,0.009719544028070036,-0.004738753169943657,-0.0030273298839432992,-0.013644063966706949
2009-02-01,-0.013664877437576953,0.007829372158506742,-0.004707728469186446,-0.0033814856715058024,-0.009281496941175197
2009-03-01,-0.007505340986434303,-0.008935958953389798,-0.0024932802766660933,-0.0004362786784360427,-0.007947956400135917
2009-04-01,-0.010892587824604632,-0.004904654822457233,-0.0037319764246448147,0.001228947794513379,-0.009339338886999886
2009-05-01,-0.00793735636567468,0.036126935630529,-0.0026336299236697567,-0.000704212741313635,-0.007545550118765286
2009-06-01,-0.006820579618676737,0.02314785358013543,-0.0020501570233679156,-0.0002357270279431987,-0.006043748516239172
2009-07-01,-0.005152342602453116,0.013741929211574605,-0.0015192805824857933,-0.0020984525853889237,-0.006350649115753166
2009-08-01,-0.001015624918260101,0.008251080491206639,-1.1629310969898683e-05,0.0025085809633124513,-0.004143746587338945
2009-09-01,-0.0007776709705224782,0.02398503993365085,0.00014089887042005545,-0.0011137138939425347,-0.00445041869614335
2009-10-01,-0.001987853994953069,0.014334644472157357,-0.00031812640009624884,0.00037426991312101407,-0.0013730088211234544
2009-11-01,-0.0030078052899277295,0.011845404094357661,-0.0006487156814441971,-0.00037374634818036214,0.003045783074701814
2009-12-01,-0.0003414973273960149,0.009924897961130594,0.0004447658746092072,-0.0001278250055313461,0.004869182051402713
2010-01-01,-0.0022068732608644956,0.011098414156577738,-0.000371394169993782,0.0007915359596562848,-0.0002122796332053186
2010-02-01,0.0012989035476928727,0.0075290433653743055,0.0010071979251992096,-4.5878040094240973e-05,0.002805675164615734
2010-03-01,-0.0017378093822266183,-0.0015326380784534462,-0.00012426591921076103,0.00043400135935358036,0.0036853558174499913
2010-04-01,0.0019037515604265348,0.017918557332929692,0.001340573858477377,-0.00038083668640114703,0.004274151819003139
2010-05-01,0.0014732852552581549,0.013828702428938586,0.0012261213780285815,2.6392488627869764e-05,0.0037580524147603446
2010-06-01,0.0024623578449583746,-0.010867005761550029,0.0016382775063928225,0.00022809873181602093,0.0039036890821829025
2010-07-01,-0.001439570683166485,-0.0032896111633416375,-1.7152990878089745e-05,-6.763796770926766e-05,0.004116532818808038
2010-08-01,0.00014031568404263397,0.004338467733252987,0.0005898030044080842,-0.0006987120657519164,0.005497530649901978
2010-09-01,-0.0011315179236279548,0.007374275710171801,0.0001403142343257785,8.659153400529285e-05,0.0048391795878579
2010-10-01,-0.0005467806248465002,0.013037875750885896,0.00035049719441254353,-7.280970966542542e-05,0.0061035908759692805
2010-11-01,-0.0005194948223886074,0.015795823665588328,0.0005287579413602012,-0.0005786781724480235,0.006584331488537962
2010-12-01,-0.0008599809700884976,0.011118330016082005,0.00031959475239820415,0.0002503685542923238,0.004586192287555012
2011-01-01,0.0018840947890389945,0.012832398330799162,0.0012716225607587001,-0.0004393827987865783,0.007149647374770741
2011-02-01,-2.4293954369833046e-05,0.013011544861991887,0.000618366325200872,0.0002090313759299125,0.005210289591373421
2011-03-01,-0.0005182205648719173,0.01248974198148122,0.000525717316371159,-1.6594915345583693e-05,0.004347562035047348
2011-04-01,0.0014429921462401395,0.0015398026024394205,0.0011593745011671671,-0.0005852704113877654,0.0070380462915256995
2011-05-01,-0.0013083068971987432,0.01066974767490782,0.00025334235069058653,0.00010706719511247907,0.005070117147937085
2011-06-01,-0.0005369659842259398,0.0066466476739542625,0.00042414128282896387,0.00042061219629234415,0.006611738009431866
2011-07-01,-0.00016770672289492675,-0.004131557377565342,0.0006091088901245242,0.0009208469941632744,0.003351443775945451
2011-08-01,0.001163804875385056,0.011685476842934575,0.0010274942935807622,-0.0007850066975156686,0.0041293589721204
2011-09-01,-0.0002578432192507458,-0.021610374029039814,0.0005023451693065294,-0.0001830302277232996,0.0035854188212960988
2011-10-01,-0.0005072461863432532,0.003037979583013832,0.0005058169588881697,0.00026529989676046025,-0.00017784505710267658
2011-11-01,0.0011821328243528568,0.011443123090212736,0.001080607926677319,0.00043602307057167254,0.006084293875579436
2011-12-01,-0.0005241145090960318,0.009209911845042915,0.000450407891507406,-0.0003742898135351546,0.0034174449647006756
2012-01-01,0.0016857063829322978,0.007739651889220361,0.001284444341468011,0.00047627605096225794,0.004889402950407821
2012-02-01,0.0026454952732250705,0.014880562526131989,0.0017008017246902744,-0.0007279219353805685,0.004407888024067166
2012-03-01,0.0009045570971446971,0.014222894241744694,0.0010257119692636566,0.00016369621590002048,0.005740699289542765
2012-04-01,-0.00018112246877258144,0.01166243130018953,0.000668008252471791,-7.904736771700497e-06,0.0033005129045310397
2012-05-01,0.0010798457553293683,0.004249755454709637,0.0009834848651703192,0.00011890965215243154,0.0039641577599524155
2012-06-01,-0.00015055146753133013,-0.002759293708271007,0.0005711359868219984,0.0010855790444185829,0.0028967278955554883
2012-07-01,-0.00042264225960147355,0.002121730330611606,0.0004710136913243639,-0.00039447610297979217,0.0029307018879329233
2012-08-01,0.00010711295504990713,0.011664379977816292,0.0006833421340248766,-0.00035077789292820716,0.00505126135179261
2012-09-01,-0.00041112415728972087,0.012936564927855249,0.000546264926356628,-0.0016587852567600473,0.0034206888608229852
2012-10-01,0.0010067471519231784,0.011471265314147968,0.001064939609682923,0.00029871241683583676,0.005399843023950791
2012-11-01,0.0008402524815230314,0.0038632443946385393,0.0009590585257825113,0.000602898743716173,0.002225503720682212
2012-12-01,0.001800000474237047,-0.0030094199284641044,0.0013128432268168665,0.0012991658112208938,0.003990899171775684
2013-01-01,0.002299735793670824,0.008890902330385182,0.0015544453164012043,-0.000456844808801257,0.004246316924066774
2013-02-01,-0.000592681566413406,0.015093199938616344,0.00045278849669601155,-0.000650741468647737,0.004604765000626765
2013-03-01,0.002775489635008109,0.009085917802188332,0.0017290908962703955,-0.0010093626318116561,0.003256447094284561
2013-04-01,0.0006535966893148396,0.01097360391810601,0.0008706918298276563,0.002431474883179024,0.0018072033966464642
2013-05-01,-3.7112963427407032e-06,0.008224424292249581,0.0006797879702905698,-0.00023553887093540895,0.002413089848968412
2013-06-01,0.0019400840574180758,0.014680395854383082,0.0014227753335297457,-0.0007412636956010235,0.0015314073591083846
2013-07-01,0.0014568380962289703,0.0013783330311026053,0.0012178107096473111,-0.0005864980779820984,0.002937527761968662
2013-08-01,-0.0005622672292120265,0.01271697098138043,0.0004553529752456105,9.93773540532508e-05,0.002551336497079148
2013-09-01,0.0029076191430656454,0.004088235716468442,0.0017573114451109905,-0.00011471050409588857,0.0050755180379470945
2013-10-01,0.0020284504767463466,0.006741461601877312,0.001402447306484692,0.0005987041775422763,0.004822892514292492
2013-11-01,0.0006661423975457459,0.009494703575494338,0.0009543695904903386,-5.886663369004369e-05,0.004487774742094072
2013-12-01,0.0027133229827371224,0.01269791095740597,0.0017182918854646168,-0.0003771866229726476,0.0054350792063428514
2014-01-01,0.0014467346656105334,0.007772799837840388,0.0011677084421591855,-0.00024052448213855428,0.004263632777947284
2014-02-01,-0.0007547425601241201,0.007406602508477526,0.0004076607728449495,3.702438157576461e-05,0.0030048609074065057
2014-03-01,0.0025725384424783453,0.003348357311265352,0.0015862163510728501,0.00040070416431494093,0.004889543339573629
2014-04-01,0.00341041002487071,0.009795047225988118,0.001920014509793912,-0.0002615565277131922,0.004903234013388868
2014-05-01,0.0023575317185600114,0.004177687016627937,0.0016211158013632989,6.0322001395393196e-05,0.004306973406105664
2014-06-01,0.0017951156360626274,0.007656158576546664,0.0013378640513285415,-1.1447132786553021e-05,0.00439723497184149
2014-07-01,0.002519424341008119,0.011253532948665849,0.0016593119607812,0.00018133307053986352,0.003537842506006921
2014-08-01,0.00324720938345833,0.006901960574277324,0.0019091049671648638,7.557720249010698e-05,0.004244385552667892
2014-09-01,0.0003511955187277334,0.0035536019415623645,0.0008236296597189186,0.00036620685457605846,0.003265278036976189
2014-10-01,0.0020494779579439282,0.008122883706673861,0.0014729643883541544,-6.55618337879492e-05,0.002822005766973184
2014-11-01,0.0018316724297307353,-0.002561056450692439,0.0013963477244628138,8.156938987817352e-05,0.003382162295085797
2014-12-01,0.00304326072156055,0.016850361549412086,0.0018186687544555322,0.0005150657654329083,0.004373867182270502
2015-01-01,0.0012871019756324794,0.0057038390332374974,0.001198023820855079,0.00035314338717460703,0.0013468161103823357
2015-02-01,-0.00029462381243083413,0.0021262050263628545,0.0006236634647592584,0.0009589913019126353,0.0015928768583512913
2015-03-01,0.0002165135987970176,0.011343131686800853,0.0008360432771549334,-0.0026661837542944354,0.003030414213556841
2015-04-01,0.001458590110105978,0.004197405607053718,0.0012165165464608917,-4.921453646914112e-05,0.0028382526911471372
2015-05-01,0.000982245673808026,0.006364764832583621,0.0011332807682361199,0.00048271015726707384,0.003738318831797129
2015-06-01,0.0012554951622781542,0.006496700726832999,0.0012408677239897482,-0.0006725718030416254,0.0032237760436661955
2015-07-01,0.00183848225723872,0.0028285796723839345,0.0013988332572785272,0.00015938346461977164,0.005064195310996372
2015-08-01,0.0038992433020225816,0.002846298866548971,0.0021474821783773815,0.0003743916329004113,0.0033791015664653094
2015-09-01,-0.00023045495278541063,-0.0011096585230005534,0.0005836333595370261,0.00044995446754884916,0.002163887341776901
2015-10-01,0.00038987212103978766,-0.0065109389647656675,0.0008379089060123634,0.0006525219802418986,0.002654267766174611
2015-11-01,0.0009545789974107984,0.019807904219064316,0.001113124426516639,-0.0009699022675923927,0.002681583225029215
2015-12-01,0.0004642101498030539,0.00596398306094984,0.0009301096960925804,-7.35130969869628e-05,0.001107206380950277
2016-01-01,0.0005825710099521652,0.001727749549427577,0.0009735656959977525,0.0006625980490560827,0.0009121286139616847
2016-02-01,0.0027903932880317685,-0.012536170535306783,0.0016553055027797323,-0.00017231989149418703,0.0027470081417307595
2016-03-01,0.00012604449045268765,0.0030750441148789187,0.0007722564755704732,0.00024178889940710828,0.0004997315954258042
2016-04-01,0.00017546258395222548,0.01963637584713227,0.0008210617874678225,-0.0013409249600223815,0.0032053657552359124
2016-05-01,0.0012199884952718155,0.010943255641192987,0.0011171095915572318,-0.00021240536441987019,0.0036275062452273514
2016-06-01,0.0008551348595198815,0.0035794879864503603,0.0009618932266151781,0.0004247479502994855,0.0031464613127472787
2016-07-01,0.0020119392990818317,0.006414172947580831,0.0014277679621580287,-0.00011952618367802785,0.002659460043701899
2016-08-01,0.0021793603736387584,0.011596347376781543,0.0015530120251922859,0.00097823558903947,0.002787398463575649
2016-09-01,0.000623509386127037,0.008042635176528774,0.000908219823853981,-0.0007107195692099212,0.0019399219006632279
2016-10-01,0.0015480438043701792,0.002228878338567073,0.0013081370738912074,-0.00023089951148956738,0.0029887481064887643
2016-11-01,0.0017801074711908695,0.0026991453633443746,0.0013216213462710212,8.386333693789915e-05,0.0026677816271336494
2016-12-01,0.0011353781371604358,0.00705309893110222,0.0011227753854589095,0.00033955263989788963,0.004976306752669531
2017-01-01,0.0033549167881884627,0.012629956568939409,0.0019055384114615168,-0.0003812209190693615,0.00398760599477084
2017-02-01,0.00120160992118104,0.00763310223446906,0.0011459471107256518,-0.00045754585838395095,0.002966822167384792
2017-03-01,0.0012176996445167195,0.010306466702378243,0.0011667983247804644,0.0008891543510280433,0.0029205555534810366
2017-04-01,0.0025943636077960875,0.0057025046573291405,0.0015820272619704217,0.0004447942766040062,0.0035100564506969703
2017-05-01,0.003828357322491088,0.004869454680124392,0.002066545986774415,-0.0007248709515885908,0.0027483465416337327
2017-06-01,0.0008809944251406596,0.008424687418025502,0.0009810404050048726,0.0008577683242672362,0.0029967362600305724
2017-07-01,0.0028769352744075715,0.007719959558920729,0.0017653632433008576,-0.0004172140001900757,0.0047298537394768305
2017-08-01,0.0007963343509106067,0.006768085288432741,0.0009959145230228664,9.542933631122112e-05,0.0034117626584945077
2017-09-01,0.0008943881570381365,0.004902571737974111,0.0010552898281512135,-0.0010554725296041138,0.004419065943812551
2017-10-01,0.0019258260198088237,0.007852680797524117,0.0013527291510444914,-0.0005008957900589814,0.0032607175674778943
2017-11-01,0.0046740032482715166,0.009280875075161104,0.0023739978711808485,0.0015302310756892144,0.003582175544464285
2017-12-01,0.0020329577985700297,0.007687227436977604,0.001425940686453186,-0.0007361680623183062,0.004494140206729666
2018-01-01,0.0024322914676724854,0.010550621242258008,0.001588899325188774,0.00044581345717177573,0.004351915224231281
2018-02-01,0.0015367702576816896,0.015564497014385814,0.0012218116481860163,-0.0007510540909260846,0.004217210464049084
2018-03-01,0.0037320441581935974,-0.00396459761064125,0.002137634176266296,0.0005112163197002532,0.005584638976500467
2018-04-01,0.0032964851278024666,0.003498187315965335,0.0018787730427958086,0.0004493821326336524,0.0027610854212053626
2018-05-01,0.0036492455332266084,-0.0008362441346468203,0.00196150627997352,-0.0006224171973659325,0.004269250767288998
2018-06-01,0.0008738340853807798,0.008986287423232993,0.0011028189843446333,0.0002875724130896966,0.002833672747417728
2018-07-01,0.002854637926103466,0.00860522055118521,0.0017066702105097292,0.00018432539287820333,0.003508272251043889
2018-08-01,0.0021007643228732925,0.007638833457015434,0.001439295176538565,0.00020909489016968872,0.004697865098712031
2018-09-01,0.0029172960806825793,0.009367316488340537,0.0017480651456512173,-0.00021959463781370442,0.005119357501888543
2018-10-01,0.0017895307892462787,0.007996546842229498,0.001328061361305862,-6.649780856291798e-05,0.004324462974459141
2018-11-01,0.0012920376349282836,-0.005309082977882322,0.00118257909221552,-0.00031848901337978527,0.004436567161695003
2018-12-01,0.0012048362692315476,-0.0008613811137717078,0.0011030480269987864,0.0009269261465136289,0.0018537151214868806
2019-01-01,0.0007312063437575078,-0.00942575762039348,0.0009690147817610893,0.000284983624502267,0.005331299401126806
2019-02-01,0.00041494718580722327,0.008650833072444302,0.0008896149754876643,-0.0003393811931738703,0.004908324759433612
2019-03-01,-0.0001688849261412659,0.018463783239492694,0.0005708222837562203,-0.0007024442377340558,0.0035914420366972987
2019-04-01,0.0017258086308112256,0.008647456182676098,0.001310486459480101,-0.0007594530431426556,0.0029013837738084947
2019-05-01,-7.9267467297402e-05,0.013579395173815649,0.0006983412078663194,-1.4258569369838826e-05,0.003787931363484416
2019-06-01,0.0011187329805646832,0.0005442537934179288,0.0010375537175653891,0.0013150425091927181,0.003524492389761264
2019-07-01,0.0010016583822145275,0.007671473239956091,0.0010523047161997432,-1.6234279326075508e-05,0.002716898008158427
2019-08-01,0.0010180163517974625,0.013351623443128272,0.001086196405574033,-0.0005299807620313494,0.002985765408161607
2019-09-01,0.0019506148000024031,-0.003758269735081602,0.0013638098779127084,0.00036060075411229316,0.0025962236786666116
2019-10-01,0.0006949636910641088,0.011755743980136535,0.0009754656786629625,-0.00026677637891186313,0.001608245229296694
2019-11-01,8.080208522521213e-05,0.004669289354283407,0.0007716601146266571,-0.0005255561714114717,0.0019058253996387924
2019-12-01,0.0031971368326904406,0.013850120797732126,0.0018625552490881764,0.0003107244118075844,0.0023881381674293947
